<?xml version = '1.0' encoding = 'UTF-8'?>
<StructuredType class="oracle.dbtools.crest.model.design.datatypes.StructuredType" name="SDO_GEOMETRY" directorySegmentName="seg_0" id="47E390DE-0671-C4B1-8428-0F45CBEE18F8">
<createdBy>luizz</createdBy>
<createdTime>2023-05-30 17:36:44 UTC</createdTime>
<ownerDesignName>CropSage_Global_Solution_Logico</ownerDesignName>
<visible>false</visible>
<predefined>true</predefined>
<final>false</final>
<instantiable>true</instantiable>
</StructuredType>
