<?xml version = '1.0' encoding = 'UTF-8'?>
<FKIndexAssociation class="oracle.dbtools.crest.model.design.relational.FKIndexAssociation" directorySegmentName="seg_0" id="574271C4-D517-2C55-2FB0-34C6308854DF" containerWithKeyObject="04CD7159-5A0D-85D1-871E-6D645B2D84AD" localFKIndex="D049C4A8-81B2-2BA2-DF09-98C2A2B50D48" name="FK_GS_SOLO_LOCALIZACAO">
<createdBy>luizz</createdBy>
<createdTime>2023-06-01 13:34:36 UTC</createdTime>
<generatorID>58A8DC6D-D8D9-D07F-2229-8F74929E6C7B</generatorID>
<ownerDesignName>CropSage_Global_Solution_Relacional</ownerDesignName>
<referredTableLongName>T_GS_LOCALIZACAO</referredTableLongName>
<deleteRule>NO ACTION</deleteRule>
<referredTableID>81853EFA-F4D4-4D5A-A87B-B4D863E35A9B</referredTableID>
<keyObject>4509838A-84E7-3AD5-A03E-79EC817E0B68</keyObject>
<referredKeyID>4509838A-84E7-3AD5-A03E-79EC817E0B68</referredKeyID>
<mandatory>true</mandatory>
<refColNames>cd_localizacao</refColNames>
<transferable>true</transferable>
<rely>false</rely>
<columnDependencyConstraintGenerateInDDL>true</columnDependencyConstraintGenerateInDDL>
</FKIndexAssociation>
