<?xml version = '1.0' encoding = 'UTF-8'?>
<FKIndexAssociation class="oracle.dbtools.crest.model.design.relational.FKIndexAssociation" directorySegmentName="seg_0" id="B4D6B2CC-B747-EADF-4177-4D4607D148AF" containerWithKeyObject="04CD7159-5A0D-85D1-871E-6D645B2D84AD" localFKIndex="48F55C8F-E51F-2627-AD74-510EB9172C95" name="FK_GS_SOLO_PRODUTO">
<createdBy>luizz</createdBy>
<createdTime>2023-05-31 11:50:15 UTC</createdTime>
<generatorID>AA52A063-E769-EE30-0A04-224F1697C731</generatorID>
<ownerDesignName>CropSage_Global_Solution_Relacional</ownerDesignName>
<referredTableLongName>T_GS_PRODUTO</referredTableLongName>
<deleteRule>NO ACTION</deleteRule>
<referredTableID>290107D6-241F-78C2-2FE9-1B0C212AC72E</referredTableID>
<keyObject>F50FF394-1AF9-DBE4-A520-87A98DEC98CF</keyObject>
<referredKeyID>F50FF394-1AF9-DBE4-A520-87A98DEC98CF</referredKeyID>
<mandatory>true</mandatory>
<refColNames>cd_produto</refColNames>
<transferable>true</transferable>
<rely>false</rely>
<columnDependencyConstraintGenerateInDDL>true</columnDependencyConstraintGenerateInDDL>
</FKIndexAssociation>
