<?xml version = '1.0' encoding = 'UTF-8'?>
<Relation class="oracle.dbtools.crest.model.design.logical.Relation" name="Relation_5" directorySegmentName="seg_0" id="58A8DC6D-D8D9-D07F-2229-8F74929E6C7B">
<createdBy>luizz</createdBy>
<createdTime>2023-05-31 21:01:28 UTC</createdTime>
<ownerDesignName>CropSage_Global_Solution_Relacional</ownerDesignName>
<engineerTo>
<item key="B97163DD-1643-2930-E482-E02E3780BB74" value="true"/>
</engineerTo>
<sourcePk>4CB87865-58AF-9AFE-9794-6828E4463AF4</sourcePk>
<identifying>false</identifying>
<optionalSource>true</optionalSource>
<optionalTarget>false</optionalTarget>
<sourceCardinality>1</sourceCardinality>
<sourceEntity>7237BFCE-40F9-FFF7-4D60-E8966D6A69C2</sourceEntity>
<targetCardinalityString>1</targetCardinalityString>
<targetEntity>D17A8F6F-A9DD-13C1-5757-55263E551073</targetEntity>
<transferable>true</transferable>
<deleteRule>NO ACTION</deleteRule>
</Relation>
