<?xml version = '1.0' encoding = 'UTF-8'?>
<Entity class="oracle.dbtools.crest.model.design.logical.Entity" directorySegmentName="seg_0" id="14677CA5-96D7-8098-1982-26E450FDE05C" name="T_GS_PRODUTO">
<createdBy>luizz</createdBy>
<createdTime>2023-05-30 17:42:11 UTC</createdTime>
<ownerDesignName>CropSage_Global_Solution_Relacional</ownerDesignName>
<engineerTo>
<item key="B97163DD-1643-2930-E482-E02E3780BB74" value="true"/>
</engineerTo>
<adequatelyNormalized>NO</adequatelyNormalized>
<expectedVolumes>0</expectedVolumes>
<fwdEngineeringStrategyName>Single Table</fwdEngineeringStrategyName>
<growthPercent>0</growthPercent>
<growthType>Year</growthType>
<maxVolumes>9999999</maxVolumes>
<minVolumes>0</minVolumes>
<normalForm>Third</normalForm>
<attributes itemClass="oracle.dbtools.crest.model.design.logical.Attribute">
<Attribute name="cd_produto" id="54CBC5E9-313A-B1D0-F38C-8A8B5182B448">
<createdBy>luizz</createdBy>
<createdTime>2023-05-30 17:42:20 UTC</createdTime>
<ownerDesignName>CropSage_Global_Solution_Relacional</ownerDesignName>
<engineerTo>
<item key="B97163DD-1643-2930-E482-E02E3780BB74" value="true"/>
</engineerTo>
<useDomainConstraints>false</useDomainConstraints>
<use>1</use>
<logicalDatatype>LOGDT019</logicalDatatype>
<dataTypePrecision>5</dataTypePrecision>
<ownDataTypeParameters>,5,</ownDataTypeParameters>
</Attribute>
<Attribute name="nm_produto" id="0CADE447-1FAA-2093-F92E-40F2ABC59B16">
<createdBy>luizz</createdBy>
<createdTime>2023-05-30 17:42:24 UTC</createdTime>
<ownerDesignName>CropSage_Global_Solution_Relacional</ownerDesignName>
<engineerTo>
<item key="B97163DD-1643-2930-E482-E02E3780BB74" value="true"/>
</engineerTo>
<useDomainConstraints>false</useDomainConstraints>
<use>1</use>
<logicalDatatype>LOGDT024</logicalDatatype>
<dataTypeSize>50</dataTypeSize>
<ownDataTypeParameters>50,,</ownDataTypeParameters>
</Attribute>
<Attribute name="ds_plantio " id="46B47E17-CD8F-061D-EE65-A65F3ED0C32F">
<createdBy>luizz</createdBy>
<createdTime>2023-06-05 12:46:14 UTC</createdTime>
<ownerDesignName>CropSage_Global_Solution_Relacional</ownerDesignName>
<engineerTo>
<item key="B97163DD-1643-2930-E482-E02E3780BB74" value="true"/>
</engineerTo>
<useDomainConstraints>false</useDomainConstraints>
<use>1</use>
<logicalDatatype>LOGDT007</logicalDatatype>
<ownDataTypeParameters>,,</ownDataTypeParameters>
</Attribute>
</attributes>
<identifiers itemClass="oracle.dbtools.crest.model.design.logical.CandidateKey">
<identifier id="E232E4BF-E91E-CCD6-BE88-CCD1133E118A" name="PK_GS_PRODUTO ">
<createdBy>luizz</createdBy>
<createdTime>2023-05-30 17:49:23 UTC</createdTime>
<ownerDesignName>CropSage_Global_Solution_Relacional</ownerDesignName>
<engineerTo>
<item key="B97163DD-1643-2930-E482-E02E3780BB74" value="true"/>
</engineerTo>
<pk>true</pk>
<newElementsIDs>54CBC5E9-313A-B1D0-F38C-8A8B5182B448</newElementsIDs>
<usedAttributes>
<attributeRef>54CBC5E9-313A-B1D0-F38C-8A8B5182B448</attributeRef>
</usedAttributes>
</identifier>
</identifiers>
</Entity>
