<?xml version = '1.0' encoding = 'UTF-8'?>
<Entity class="oracle.dbtools.crest.model.design.logical.Entity" directorySegmentName="seg_0" id="65094829-23F0-3257-B635-5D4AC2A1C714" name="T_GS_USUARIO">
<createdBy>luizz</createdBy>
<createdTime>2023-05-30 17:37:32 UTC</createdTime>
<ownerDesignName>CropSage_Global_Solution_Logico</ownerDesignName>
<engineerTo>
<item key="B97163DD-1643-2930-E482-E02E3780BB74" value="true"/>
</engineerTo>
<adequatelyNormalized>NO</adequatelyNormalized>
<expectedVolumes>0</expectedVolumes>
<fwdEngineeringStrategyName>Single Table</fwdEngineeringStrategyName>
<growthPercent>0</growthPercent>
<growthType>Year</growthType>
<maxVolumes>9999999</maxVolumes>
<minVolumes>0</minVolumes>
<normalForm>Third</normalForm>
<attributes itemClass="oracle.dbtools.crest.model.design.logical.Attribute">
<Attribute name="cd_usuario" id="AD3787A2-B93F-1690-39F1-5CD9CA15B3C3">
<createdBy>luizz</createdBy>
<createdTime>2023-05-30 17:37:48 UTC</createdTime>
<ownerDesignName>CropSage_Global_Solution_Logico</ownerDesignName>
<engineerTo>
<item key="B97163DD-1643-2930-E482-E02E3780BB74" value="true"/>
</engineerTo>
<useDomainConstraints>false</useDomainConstraints>
<use>1</use>
<logicalDatatype>LOGDT019</logicalDatatype>
<dataTypePrecision>6</dataTypePrecision>
<ownDataTypeParameters>,6,</ownDataTypeParameters>
</Attribute>
<Attribute name="nm_usuario" id="83F3A870-8D5D-08C6-AC3D-3E2BF44020B7">
<createdBy>luizz</createdBy>
<createdTime>2023-05-30 17:37:53 UTC</createdTime>
<ownerDesignName>CropSage_Global_Solution_Logico</ownerDesignName>
<engineerTo>
<item key="B97163DD-1643-2930-E482-E02E3780BB74" value="true"/>
</engineerTo>
<useDomainConstraints>false</useDomainConstraints>
<use>1</use>
<logicalDatatype>LOGDT024</logicalDatatype>
<dataTypeSize>50</dataTypeSize>
<ownDataTypeParameters>50,,</ownDataTypeParameters>
</Attribute>
<Attribute name="ds_email" id="D8E553B9-A6EB-0F6E-3965-645859598900">
<createdBy>luizz</createdBy>
<createdTime>2023-05-30 17:38:05 UTC</createdTime>
<ownerDesignName>CropSage_Global_Solution_Logico</ownerDesignName>
<engineerTo>
<item key="B97163DD-1643-2930-E482-E02E3780BB74" value="true"/>
</engineerTo>
<useDomainConstraints>false</useDomainConstraints>
<use>1</use>
<logicalDatatype>LOGDT024</logicalDatatype>
<dataTypeSize>50</dataTypeSize>
<ownDataTypeParameters>50,,</ownDataTypeParameters>
</Attribute>
<Attribute name="ds_senha" id="95E3A983-4FC8-DF0F-9764-EFC1FF034470">
<createdBy>luizz</createdBy>
<createdTime>2023-05-30 17:38:17 UTC</createdTime>
<ownerDesignName>CropSage_Global_Solution_Logico</ownerDesignName>
<engineerTo>
<item key="B97163DD-1643-2930-E482-E02E3780BB74" value="true"/>
</engineerTo>
<useDomainConstraints>false</useDomainConstraints>
<use>1</use>
<logicalDatatype>LOGDT024</logicalDatatype>
<dataTypeSize>35</dataTypeSize>
<ownDataTypeParameters>35,,</ownDataTypeParameters>
</Attribute>
</attributes>
<identifiers itemClass="oracle.dbtools.crest.model.design.logical.CandidateKey">
<identifier id="F5B5F7DE-5406-AA74-75EF-8C55A6840358" name="PK_GS_USUARIO ">
<createdBy>luizz</createdBy>
<createdTime>2023-05-30 17:44:57 UTC</createdTime>
<ownerDesignName>CropSage_Global_Solution_Logico</ownerDesignName>
<engineerTo>
<item key="B97163DD-1643-2930-E482-E02E3780BB74" value="true"/>
</engineerTo>
<pk>true</pk>
<newElementsIDs>AD3787A2-B93F-1690-39F1-5CD9CA15B3C3</newElementsIDs>
<usedAttributes>
<attributeRef>AD3787A2-B93F-1690-39F1-5CD9CA15B3C3</attributeRef>
</usedAttributes>
</identifier>
</identifiers>
</Entity>
