<?xml version = '1.0' encoding = 'UTF-8'?>
<Table class="oracle.dbtools.crest.model.design.relational.Table" directorySegmentName="seg_0" id="81853EFA-F4D4-4D5A-A87B-B4D863E35A9B" name="T_GS_LOCALIZACAO">
<createdBy>luizz</createdBy>
<createdTime>2023-06-01 13:34:36 UTC</createdTime>
<generatorID>7237BFCE-40F9-FFF7-4D60-E8966D6A69C2</generatorID>
<ownerDesignName>CropSage_Global_Solution_Relacional</ownerDesignName>
<allowColumnReorder>false</allowColumnReorder>
<existDependencyGenerateInDDl>true</existDependencyGenerateInDDl>
<parsed>true</parsed>
<columns itemClass="oracle.dbtools.crest.model.design.relational.Column">
<Column name="cd_localizacao" id="1EB16F04-4B3E-03D7-C256-C09131209528">
<createdBy>luizz</createdBy>
<createdTime>2023-06-01 13:34:36 UTC</createdTime>
<generatorID>13675558-80D0-E63E-C969-7D6E68A51DCC</generatorID>
<ownerDesignName>CropSage_Global_Solution_Relacional</ownerDesignName>
<useDomainConstraints>false</useDomainConstraints>
<use>1</use>
<logicalDatatype>LOGDT019</logicalDatatype>
<dataTypePrecision>3</dataTypePrecision>
<ownDataTypeParameters>,3,</ownDataTypeParameters>
<autoIncrementCycle>false</autoIncrementCycle>
</Column>
<Column name="cd_usuario" id="1CE82088-A31F-E9F5-DF7E-BA079E4D5053">
<createdBy>luizz</createdBy>
<createdTime>2023-06-01 13:34:36 UTC</createdTime>
<generatorID>6FD8FB4C-C191-33EC-A4D7-D25EE820CCA6</generatorID>
<ownerDesignName>CropSage_Global_Solution_Relacional</ownerDesignName>
<useDomainConstraints>false</useDomainConstraints>
<use>1</use>
<logicalDatatype>LOGDT019</logicalDatatype>
<dataTypePrecision>6</dataTypePrecision>
<ownDataTypeParameters>,,</ownDataTypeParameters>
<previousColumn>false</previousColumn>
<autoIncrementCycle>false</autoIncrementCycle>
<associations>
<colAssociation fkAssociation="3E81ABF3-DFCE-D7A0-0230-B4BE69E9BBDA" referredColumn="25856F11-ADFF-C3C7-19BC-AB4576015FCB"/>
</associations>
</Column>
<Column name="ds_longitude" id="198D9112-BCEF-7789-E8EA-AED957256EF0">
<createdBy>luizz</createdBy>
<createdTime>2023-06-01 13:34:36 UTC</createdTime>
<generatorID>732F8C4C-1D62-65C2-3E85-C6B40D18ADA4</generatorID>
<ownerDesignName>CropSage_Global_Solution_Relacional</ownerDesignName>
<useDomainConstraints>false</useDomainConstraints>
<use>1</use>
<logicalDatatype>LOGDT024</logicalDatatype>
<dataTypeSize>10</dataTypeSize>
<ownDataTypeParameters>10,,</ownDataTypeParameters>
<autoIncrementCycle>false</autoIncrementCycle>
</Column>
<Column name="ds_latitude" id="A375F617-BCA9-6B63-D07B-DCE253CD7FA0">
<createdBy>luizz</createdBy>
<createdTime>2023-06-01 13:34:36 UTC</createdTime>
<generatorID>244E4927-61E7-8F47-3D2F-77B35E967790</generatorID>
<ownerDesignName>CropSage_Global_Solution_Relacional</ownerDesignName>
<useDomainConstraints>false</useDomainConstraints>
<use>1</use>
<logicalDatatype>LOGDT024</logicalDatatype>
<dataTypeSize>10</dataTypeSize>
<ownDataTypeParameters>10,,</ownDataTypeParameters>
<autoIncrementCycle>false</autoIncrementCycle>
</Column>
<Column name="nm_localizacao" id="DCD0ACDF-AFCB-2959-C7C4-7E4271277BB7">
<createdBy>luizz</createdBy>
<createdTime>2023-06-01 13:34:36 UTC</createdTime>
<generatorID>714540DA-0E4D-AD96-A555-A1B10CC56A8E</generatorID>
<ownerDesignName>CropSage_Global_Solution_Relacional</ownerDesignName>
<useDomainConstraints>false</useDomainConstraints>
<use>1</use>
<logicalDatatype>LOGDT024</logicalDatatype>
<dataTypeSize>50</dataTypeSize>
<ownDataTypeParameters>50,,</ownDataTypeParameters>
<autoIncrementCycle>false</autoIncrementCycle>
</Column>
<Column name="ds_cep" id="A438D33D-5F15-EBA8-2F69-C8130A29D301">
<createdBy>luizz</createdBy>
<createdTime>2023-06-01 13:34:36 UTC</createdTime>
<generatorID>3FAA1F3B-A35A-F753-1600-F8B4F978F236</generatorID>
<ownerDesignName>CropSage_Global_Solution_Relacional</ownerDesignName>
<nullsAllowed>true</nullsAllowed>
<useDomainConstraints>false</useDomainConstraints>
<use>1</use>
<logicalDatatype>LOGDT024</logicalDatatype>
<dataTypeSize>8</dataTypeSize>
<ownDataTypeParameters>8,,</ownDataTypeParameters>
<autoIncrementCycle>false</autoIncrementCycle>
</Column>
</columns>
<indexes itemClass="oracle.dbtools.crest.model.design.relational.Index">
<ind_PK_UK id="4509838A-84E7-3AD5-A03E-79EC817E0B68" name="PK_GS_LOCALIZACAO">
<createdBy>luizz</createdBy>
<createdTime>2023-06-01 13:34:36 UTC</createdTime>
<generatorID>4CB87865-58AF-9AFE-9794-6828E4463AF4</generatorID>
<ownerDesignName>CropSage_Global_Solution_Relacional</ownerDesignName>
<pk>true</pk>
<indexState>Primary Constraint</indexState>
<isSurrogateKey>false</isSurrogateKey>
<indexColumnUsage>
<colUsage columnID="1EB16F04-4B3E-03D7-C256-C09131209528"/>
</indexColumnUsage>
</ind_PK_UK>
<ind_PK_UK id="73192AD1-7DF3-7727-5FAD-8A298A1460B0" name="FK_GS_LOCALIZACAO_USUARIO">
<createdBy>luizz</createdBy>
<createdTime>2023-06-01 13:34:36 UTC</createdTime>
<generatorID>A74DC52B-18D2-0754-37EA-CB3C47DE404B</generatorID>
<ownerDesignName>CropSage_Global_Solution_Relacional</ownerDesignName>
<indexState>Foreign Key</indexState>
<isSurrogateKey>false</isSurrogateKey>
<indexColumnUsage>
<colUsage columnID="1CE82088-A31F-E9F5-DF7E-BA079E4D5053"/>
</indexColumnUsage>
</ind_PK_UK>
</indexes>
</Table>
