<?xml version = '1.0' encoding = 'UTF-8'?>
<Table class="oracle.dbtools.crest.model.design.relational.Table" directorySegmentName="seg_0" id="04CD7159-5A0D-85D1-871E-6D645B2D84AD" name="T_GS_SOLO">
<createdBy>luizz</createdBy>
<createdTime>2023-05-31 11:50:15 UTC</createdTime>
<generatorID>D17A8F6F-A9DD-13C1-5757-55263E551073</generatorID>
<ownerDesignName>CropSage_Global_Solution_Logico</ownerDesignName>
<allowColumnReorder>false</allowColumnReorder>
<existDependencyGenerateInDDl>true</existDependencyGenerateInDDl>
<parsed>true</parsed>
<columns itemClass="oracle.dbtools.crest.model.design.relational.Column">
<Column name="cd_solo" id="C1D99199-0D8C-96E9-4392-5745D3E28D79">
<createdBy>luizz</createdBy>
<createdTime>2023-05-31 11:50:15 UTC</createdTime>
<generatorID>ECECD27E-BF40-1BF2-3C14-810BBF6B21BD</generatorID>
<ownerDesignName>CropSage_Global_Solution_Logico</ownerDesignName>
<useDomainConstraints>false</useDomainConstraints>
<use>1</use>
<logicalDatatype>LOGDT019</logicalDatatype>
<dataTypePrecision>6</dataTypePrecision>
<ownDataTypeParameters>,6,</ownDataTypeParameters>
<autoIncrementCycle>false</autoIncrementCycle>
</Column>
<Column name="cd_produto" id="28F1A730-20E3-B0DA-1B8E-0E37E1DA9DE2">
<createdBy>luizz</createdBy>
<createdTime>2023-05-31 11:50:15 UTC</createdTime>
<generatorID>E3238940-F677-218C-4551-D03341402F49</generatorID>
<ownerDesignName>CropSage_Global_Solution_Logico</ownerDesignName>
<useDomainConstraints>false</useDomainConstraints>
<use>1</use>
<logicalDatatype>LOGDT019</logicalDatatype>
<dataTypePrecision>5</dataTypePrecision>
<ownDataTypeParameters>,5,</ownDataTypeParameters>
<previousColumn>false</previousColumn>
<autoIncrementCycle>false</autoIncrementCycle>
<associations>
<colAssociation fkAssociation="B4D6B2CC-B747-EADF-4177-4D4607D148AF" referredColumn="DD2398E2-0E6A-D353-8897-547DAAFB9D2B"/>
</associations>
</Column>
<Column name="cd_usuario" id="FAE592D9-E10A-8DFF-9354-6443D0E7B53C">
<createdBy>luizz</createdBy>
<createdTime>2023-05-31 11:50:15 UTC</createdTime>
<generatorID>D0909B20-9F0A-7BFF-58AA-AE95359E7AA8</generatorID>
<ownerDesignName>CropSage_Global_Solution_Logico</ownerDesignName>
<useDomainConstraints>false</useDomainConstraints>
<use>1</use>
<logicalDatatype>LOGDT019</logicalDatatype>
<dataTypePrecision>6</dataTypePrecision>
<ownDataTypeParameters>,6,</ownDataTypeParameters>
<previousColumn>false</previousColumn>
<autoIncrementCycle>false</autoIncrementCycle>
<associations>
<colAssociation fkAssociation="7E20E77D-6B59-B3D0-FEE9-D4FD07E3D97D" referredColumn="25856F11-ADFF-C3C7-19BC-AB4576015FCB"/>
</associations>
</Column>
<Column name="cd_localizacao" id="4ABE30F5-B350-36CB-440C-0BED66D33F25">
<createdBy>luizz</createdBy>
<createdTime>2023-06-01 13:34:36 UTC</createdTime>
<generatorID>63C9C1F9-FB32-5F25-A31F-7A9667BB756C</generatorID>
<ownerDesignName>CropSage_Global_Solution_Logico</ownerDesignName>
<useDomainConstraints>false</useDomainConstraints>
<use>1</use>
<logicalDatatype>LOGDT019</logicalDatatype>
<dataTypePrecision>3</dataTypePrecision>
<ownDataTypeParameters>,3,</ownDataTypeParameters>
<previousColumn>false</previousColumn>
<autoIncrementCycle>false</autoIncrementCycle>
<associations>
<colAssociation fkAssociation="574271C4-D517-2C55-2FB0-34C6308854DF" referredColumn="1EB16F04-4B3E-03D7-C256-C09131209528"/>
</associations>
</Column>
<Column name="qt_nitrogenio" id="0A6B3CDD-76BE-803A-195A-77227245641F">
<createdBy>luizz</createdBy>
<createdTime>2023-05-31 11:50:15 UTC</createdTime>
<generatorID>6B6FAF01-729D-3E35-1B83-BE1685762ACD</generatorID>
<ownerDesignName>CropSage_Global_Solution_Logico</ownerDesignName>
<useDomainConstraints>false</useDomainConstraints>
<use>1</use>
<logicalDatatype>LOGDT019</logicalDatatype>
<dataTypePrecision>4</dataTypePrecision>
<ownDataTypeParameters>,4,</ownDataTypeParameters>
<autoIncrementCycle>false</autoIncrementCycle>
</Column>
<Column name="qt_potassio" id="F94D1EF5-7BF3-0B91-EFFB-5ABCF011CC7B">
<createdBy>luizz</createdBy>
<createdTime>2023-05-31 11:50:15 UTC</createdTime>
<generatorID>6B088DEF-104F-FB4F-4CB8-38A80785582B</generatorID>
<ownerDesignName>CropSage_Global_Solution_Logico</ownerDesignName>
<useDomainConstraints>false</useDomainConstraints>
<use>1</use>
<logicalDatatype>LOGDT019</logicalDatatype>
<dataTypePrecision>4</dataTypePrecision>
<ownDataTypeParameters>,4,</ownDataTypeParameters>
<autoIncrementCycle>false</autoIncrementCycle>
</Column>
<Column name="qt_fosforo" id="DFAF7580-1642-5A57-6343-E62AF58E171D">
<createdBy>luizz</createdBy>
<createdTime>2023-05-31 11:50:15 UTC</createdTime>
<generatorID>4A6C0EE2-8E8E-4DA3-F1A7-D3D8BDFED648</generatorID>
<ownerDesignName>CropSage_Global_Solution_Logico</ownerDesignName>
<useDomainConstraints>false</useDomainConstraints>
<use>1</use>
<logicalDatatype>LOGDT019</logicalDatatype>
<dataTypePrecision>4</dataTypePrecision>
<ownDataTypeParameters>,4,</ownDataTypeParameters>
<autoIncrementCycle>false</autoIncrementCycle>
</Column>
<Column name="qt_temperatura" id="C8CE730A-60A3-ACD6-EF1C-1819D79C29F9">
<createdBy>luizz</createdBy>
<createdTime>2023-05-31 11:50:15 UTC</createdTime>
<generatorID>9BD16D20-EACC-9DE4-A728-B29AE2A21A33</generatorID>
<ownerDesignName>CropSage_Global_Solution_Logico</ownerDesignName>
<useDomainConstraints>false</useDomainConstraints>
<use>1</use>
<logicalDatatype>LOGDT019</logicalDatatype>
<dataTypePrecision>2</dataTypePrecision>
<ownDataTypeParameters>,2,</ownDataTypeParameters>
<autoIncrementCycle>false</autoIncrementCycle>
</Column>
<Column name="qt_umidade" id="7B3E3A0E-0914-7D61-F0CB-40A84D6382D3">
<createdBy>luizz</createdBy>
<createdTime>2023-05-31 11:50:15 UTC</createdTime>
<generatorID>0D1A9AB8-744D-3319-D03B-1B5644412BB4</generatorID>
<ownerDesignName>CropSage_Global_Solution_Logico</ownerDesignName>
<useDomainConstraints>false</useDomainConstraints>
<use>1</use>
<logicalDatatype>LOGDT019</logicalDatatype>
<dataTypePrecision>10</dataTypePrecision>
<ownDataTypeParameters>,10,</ownDataTypeParameters>
<autoIncrementCycle>false</autoIncrementCycle>
</Column>
<Column name="ds_ph" id="87911602-1665-8789-1BC5-D642B1512A59">
<createdBy>luizz</createdBy>
<createdTime>2023-05-31 11:50:15 UTC</createdTime>
<generatorID>A1E146EB-D349-89A2-CCA2-7BF22734815F</generatorID>
<ownerDesignName>CropSage_Global_Solution_Logico</ownerDesignName>
<useDomainConstraints>false</useDomainConstraints>
<use>1</use>
<logicalDatatype>LOGDT019</logicalDatatype>
<dataTypePrecision>10</dataTypePrecision>
<ownDataTypeParameters>,10,</ownDataTypeParameters>
<autoIncrementCycle>false</autoIncrementCycle>
</Column>
<Column name="ds_chuva" id="AE7568BE-47C1-5783-F1A2-8DF8F80D2133">
<createdBy>luizz</createdBy>
<createdTime>2023-05-31 11:50:15 UTC</createdTime>
<generatorID>13F7F810-7982-A793-DB83-1A7DD6EEE30E</generatorID>
<ownerDesignName>CropSage_Global_Solution_Logico</ownerDesignName>
<useDomainConstraints>false</useDomainConstraints>
<use>1</use>
<logicalDatatype>LOGDT019</logicalDatatype>
<dataTypePrecision>10</dataTypePrecision>
<ownDataTypeParameters>,10,</ownDataTypeParameters>
<autoIncrementCycle>false</autoIncrementCycle>
</Column>
</columns>
<indexes itemClass="oracle.dbtools.crest.model.design.relational.Index">
<ind_PK_UK id="4EB2CF0F-1B57-4B26-9C63-38197C5741CF" name="PK_GS_SOLO">
<createdBy>luizz</createdBy>
<createdTime>2023-05-31 11:50:15 UTC</createdTime>
<generatorID>2A1EFE7C-99C0-09C8-C594-B435CFEA5E5E</generatorID>
<ownerDesignName>CropSage_Global_Solution_Logico</ownerDesignName>
<pk>true</pk>
<indexState>Primary Constraint</indexState>
<isSurrogateKey>false</isSurrogateKey>
<indexColumnUsage>
<colUsage columnID="C1D99199-0D8C-96E9-4392-5745D3E28D79"/>
</indexColumnUsage>
</ind_PK_UK>
<ind_PK_UK id="D53F67B0-488D-ED38-5197-A62A0C34657D" name="T_GS_SOLO__IDX">
<createdBy>luizz</createdBy>
<createdTime>2023-06-01 13:34:36 UTC</createdTime>
<ownerDesignName>CropSage_Global_Solution_Logico</ownerDesignName>
<indexState>Unique Plain Index</indexState>
<isSurrogateKey>false</isSurrogateKey>
<relationGeneratorID>58A8DC6D-D8D9-D07F-2229-8F74929E6C7B</relationGeneratorID>
<indexColumnUsage>
<colUsage columnID="4ABE30F5-B350-36CB-440C-0BED66D33F25"/>
</indexColumnUsage>
</ind_PK_UK>
<ind_PK_UK id="48F55C8F-E51F-2627-AD74-510EB9172C95" name="FK_GS_SOLO_PRODUTO">
<createdBy>luizz</createdBy>
<createdTime>2023-05-31 11:50:15 UTC</createdTime>
<generatorID>AA52A063-E769-EE30-0A04-224F1697C731</generatorID>
<ownerDesignName>CropSage_Global_Solution_Logico</ownerDesignName>
<indexState>Foreign Key</indexState>
<isSurrogateKey>false</isSurrogateKey>
<indexColumnUsage>
<colUsage columnID="28F1A730-20E3-B0DA-1B8E-0E37E1DA9DE2"/>
</indexColumnUsage>
</ind_PK_UK>
<ind_PK_UK id="652438D3-2088-1F53-687A-E464D65489C3" name="FK_GS_SOLO_USUARIO">
<createdBy>luizz</createdBy>
<createdTime>2023-05-31 11:50:15 UTC</createdTime>
<generatorID>C9BDF956-62D1-5CB0-BCB5-A4137CDB35CD</generatorID>
<ownerDesignName>CropSage_Global_Solution_Logico</ownerDesignName>
<indexState>Foreign Key</indexState>
<isSurrogateKey>false</isSurrogateKey>
<indexColumnUsage>
<colUsage columnID="FAE592D9-E10A-8DFF-9354-6443D0E7B53C"/>
</indexColumnUsage>
</ind_PK_UK>
<ind_PK_UK id="D049C4A8-81B2-2BA2-DF09-98C2A2B50D48" name="FK_GS_SOLO_LOCALIZACAO">
<createdBy>luizz</createdBy>
<createdTime>2023-06-01 13:34:36 UTC</createdTime>
<generatorID>58A8DC6D-D8D9-D07F-2229-8F74929E6C7B</generatorID>
<ownerDesignName>CropSage_Global_Solution_Logico</ownerDesignName>
<indexState>Foreign Key</indexState>
<isSurrogateKey>false</isSurrogateKey>
<indexColumnUsage>
<colUsage columnID="4ABE30F5-B350-36CB-440C-0BED66D33F25"/>
</indexColumnUsage>
</ind_PK_UK>
</indexes>
</Table>
