<?xml version = '1.0' encoding = 'UTF-8'?>
<relationalModel class="oracle.dbtools.crest.model.design.relational.RelationalDesign" name="Relational_1" id="B97163DD-1643-2930-E482-E02E3780BB74" mainViewID="BA7180EE-6524-1CE3-89B3-E4A72C84CC45">
<createdBy>luizz</createdBy>
<createdTime>2023-05-30 17:36:49 UTC</createdTime>
<ownerDesignName>Modelo_Logico_GS</ownerDesignName>
<shouldBeOpen>true</shouldBeOpen>
<selectedRDBMSSite>32076570-2523-435C-2E92-BF29817DFF70</selectedRDBMSSite>
</relationalModel>
