<?xml version = '1.0' encoding = 'UTF-8'?>
<Diagram class="oracle.dbtools.crest.swingui.relational.DPVRelational" name="Relational_1" id="BA7180EE-6524-1CE3-89B3-E4A72C84CC45">
<createdBy>luizz</createdBy>
<modifiedBy>luizz</modifiedBy>
<createdTime>2023-05-30 17:56:29 UTC</createdTime>
<autoRoute>false</autoRoute>
<boxInbox>true</boxInbox>
<showLegend>false</showLegend>
<showLabels>false</showLabels>
<showRelAttributes>false</showRelAttributes>
<gridEnabled>false</gridEnabled>
<showGrid>false</showGrid>
<diagramColor>-1</diagramColor>
<display>false</display>
<notation>1</notation>
<objectViews>
<OView class="oracle.dbtools.crest.swingui.relational.TVTable" oid="04CD7159-5A0D-85D1-871E-6D645B2D84AD" otype="Table" vid="8EE18259-3067-FF22-C38E-F1535EEC8654">
<hideElementsInCurrentOnly>false</hideElementsInCurrentOnly>
<bounds x="433" y="246" width="278" height="248"/>
</OView>
<OView class="oracle.dbtools.crest.swingui.relational.TVTable" oid="290107D6-241F-78C2-2FE9-1B0C212AC72E" otype="Table" vid="79921B57-BC2D-992F-8F31-721740132F96">
<hideElementsInCurrentOnly>false</hideElementsInCurrentOnly>
<bounds x="558" y="0" width="214" height="118"/>
</OView>
<OView class="oracle.dbtools.crest.swingui.relational.TVTable" oid="81853EFA-F4D4-4D5A-A87B-B4D863E35A9B" otype="Table" vid="F58CF566-5BE0-B4AF-9826-62292EC6DB26">
<hideElementsInCurrentOnly>false</hideElementsInCurrentOnly>
<bounds x="0" y="16" width="254" height="154"/>
</OView>
<OView class="oracle.dbtools.crest.swingui.relational.TVTable" oid="A18FD402-2101-290A-F173-63E9F3246E4F" otype="Table" vid="87690834-123B-670B-82B9-78F62DDF0F3C">
<hideElementsInCurrentOnly>false</hideElementsInCurrentOnly>
<bounds x="0" y="398" width="236" height="132"/>
</OView>
</objectViews>
<connectors>
<Connector class="oracle.dbtools.crest.swingui.relational.TVFKRelation" oid="3E81ABF3-DFCE-D7A0-0230-B4BE69E9BBDA" otype="FKIndexAssociation" vid_source="87690834-123B-670B-82B9-78F62DDF0F3C" vid_target="F58CF566-5BE0-B4AF-9826-62292EC6DB26">
<hideElementsInCurrentOnly>false</hideElementsInCurrentOnly>
<backgroundColor>-16777216</backgroundColor>
<lineWidth>1</lineWidth>
<points>
<point x="118" y="398"/>
<point x="118" y="170"/>
</points>
</Connector>
<Connector class="oracle.dbtools.crest.swingui.relational.TVFKRelation" oid="574271C4-D517-2C55-2FB0-34C6308854DF" otype="FKIndexAssociation" vid_source="F58CF566-5BE0-B4AF-9826-62292EC6DB26" vid_target="8EE18259-3067-FF22-C38E-F1535EEC8654">
<hideElementsInCurrentOnly>false</hideElementsInCurrentOnly>
<backgroundColor>-16777216</backgroundColor>
<lineWidth>1</lineWidth>
<points>
<point x="254" y="71"/>
<point x="444" y="71"/>
<point x="444" y="246"/>
</points>
</Connector>
<Connector class="oracle.dbtools.crest.swingui.relational.TVFKRelation" oid="7E20E77D-6B59-B3D0-FEE9-D4FD07E3D97D" otype="FKIndexAssociation" vid_source="87690834-123B-670B-82B9-78F62DDF0F3C" vid_target="8EE18259-3067-FF22-C38E-F1535EEC8654">
<hideElementsInCurrentOnly>false</hideElementsInCurrentOnly>
<backgroundColor>-16777216</backgroundColor>
<lineWidth>1</lineWidth>
<points>
<point x="236" y="471"/>
<point x="431" y="471"/>
<point x="433" y="471"/>
</points>
</Connector>
<Connector class="oracle.dbtools.crest.swingui.relational.TVFKRelation" oid="B4D6B2CC-B747-EADF-4177-4D4607D148AF" otype="FKIndexAssociation" vid_source="79921B57-BC2D-992F-8F31-721740132F96" vid_target="8EE18259-3067-FF22-C38E-F1535EEC8654">
<hideElementsInCurrentOnly>false</hideElementsInCurrentOnly>
<backgroundColor>-16777216</backgroundColor>
<lineWidth>1</lineWidth>
<points>
<point x="634" y="118"/>
<point x="634" y="246"/>
</points>
</Connector>
</connectors>
</Diagram>
