<?xml version = '1.0' encoding = 'UTF-8'?>
<Relation class="oracle.dbtools.crest.model.design.logical.Relation" name="TERv1" directorySegmentName="seg_0" id="C9BDF956-62D1-5CB0-BCB5-A4137CDB35CD">
<createdBy>luizz</createdBy>
<createdTime>2023-05-30 17:51:24 UTC</createdTime>
<ownerDesignName>CropSage_Global_Solution_Logico</ownerDesignName>
<engineerTo>
<item key="B97163DD-1643-2930-E482-E02E3780BB74" value="true"/>
</engineerTo>
<sourcePk>F5B5F7DE-5406-AA74-75EF-8C55A6840358</sourcePk>
<identifying>false</identifying>
<optionalSource>true</optionalSource>
<optionalTarget>false</optionalTarget>
<sourceCardinality>1</sourceCardinality>
<sourceEntity>65094829-23F0-3257-B635-5D4AC2A1C714</sourceEntity>
<targetCardinalityString>*</targetCardinalityString>
<targetEntity>D17A8F6F-A9DD-13C1-5757-55263E551073</targetEntity>
<transferable>true</transferable>
<deleteRule>NO ACTION</deleteRule>
</Relation>
